serialNum,uniqueCode,userName
1,APPLDLA04,Amma Padmavathi Enterprises
2,APPLDLS10,SRI TIRUMALA ENTERPRISES
3,APPLDLS15,SRI SAI TRADERS
4,APPLDLS34,SRI ANJANEYA ENTERPRISES
5,APPLDLS39,SNEHA IRON & CEMENTS
6,APPLDLS40,SRINIVASA HARDWARE
7,APPLDLS44,SURYA TRADERS
8,APPLDLS45,SRI SURYA CEMENT STEELS
9,APPLDLT01,Tirumala Steels
10,APPLDLT02,THRIMATHA HARDWARES
11,APPLDLV03,VISHNU ENTERPRISES
12,APSRDLB01,BHOGI SASI BHUSHAN RAO
13,APSRDLD05,DEVANSHRAM TRADER
14,APSRDLJ01,JYOTHI ENTERPRISES
15,APSRDLS24,SRI SRINIVASA TRADING CO.
16,APVSDLA07,M/S ARUNA TRADERS MGP G RAMA KRISHNA
17,APVSDLD06,DEVI SRI AGENCIES
18,APVSDLD08,DURGADEVI TRADERS
19,APVSDLG04,GUPTA TRADERS
20,APVSDLK10,KVR TRADERS
21,APVSDLL07,LAKSHMI KARTHIKA ENTERPRISES
22,APVSDLL08,LAKSHMI SRINIVASA ENTERPRISES
23,APVSDLL09,LAKSHMI TRADERS
24,APVSDLL10,LIFETIME STEEL ENTERPRISES
25,APVSDLM03,MAHA LAKSHMI TRADERS
26,APVSDLM06,M/S MANIKANTA TRADERS
27,APVSDLN02,NARAYANA ENTERPRISES
28,APVSDLN03,NAGARAJU GENERAL STORES
29,APVSDLR06,RAMESH ENTERPRISES PROPX. VIYYAPU SANTHOSHI
30,APVSDLS05,SRI VIJAYA LAKSHMI CEMENT TRADERS - Anakapalli
31,APVSDLS08,SRI VIJAYA LASKHMI MARKETING - Vizag
32,APVSDLS102,SARADA ENTERPRISES
33,APVSDLS103,SRI LALITHA MANIKANTA STEEL ENTERPRISES
34,APVSDLS19,SRI SAI  ENTERPIRSES
35,APVSDLS20,SRINIVASA  TRADERS
36,APVSDLS29,Sri Lakshmi Traders
37,APVSDLS37,SRI VEERABHADRA TRADERS
38,APVSDLS38,SREEDHARALA TRADERS
39,APVSDLS44,SRI BHAGYALAXMI CEMENT&GEN.STORES
40,APVSDLS59,SREE SITARAMA AGENCIES
41,APVSDLS60,SRI SURYA TRADERS
42,APVSDLS68,SRI LAKSHMI PRASAD ENTERPIRSES
43,APVSDLS71,SRI ANURADHA STEEL & CEMENT
44,APVSDLS77,SRI VENKATESWARA TRADERS
45,APVSDLS80,SRI MAHESH STEELS
46,APVSDLS82,SRI VENKATESWARA TRADERS
47,APVSDLS96,SRI VIJAYALAKSHMI TRADERS
48,APVSDLS99,SRI SAMPATH STEEL TRADERS
49,APVZDLA01,ANNAPURNA AGENCIES
50,APVZDLA09,AYYAPPA AGENCIES
51,APVZDLB06,B.V.R.AGENCIES
52,APVZDLD01,DHANA LAKSHMI ENTERPRISES
53,APVZDLG07,GEETHA AGENCIES
54,APVZDLK08,KSR STEELS
55,APVZDLL02,S LAKSHMU NAIDU
56,APVZDLM08,MURTY TRADERS
57,APVZDLN03,NIKHIL TRADERS
58,APVZDLP02,PRABHA GENERAL STORES
59,APVZDLS03,SRI SATYA MANI TRADERS
60,APVZDLS104,SRI SAI MANIKANTA AGENCIES
61,APVZDLS107,SRI SATYA TRADERS
62,APVZDLS114,SAI MANIKANTA TRADERS
63,APVZDLS120,SRI ADITYA ENTERPRISES
64,APVZDLS121,SURAMMA STEEL & CEMENT
65,APVZDLS128,SRI VENKATA LAKSHMI TRADERS
66,APVZDLS129,SRI SURYA ENTERPRISES
67,APVZDLS133,SRI VENKATESWARA GENERAL STORES
68,APVZDLS137,SRI VIJAYA DURGA ENTERPRISES
69,APVZDLS138,SRI BALAJI TRADERS
70,APVZDLS15,SRI VASAVI STORES
71,APVZDLS33,SRI LAKSHMI PRIYANKA ENTERPRISES
72,APVZDLS35,SRI TIRUMALA TRADERS
73,APVZDLS41,SRI DURGA GENERAL STORES
74,APVZDLS42,SRI SATYA SAI CEMENT STORES
75,APVZDLS59,Sri Sai Mahalakshmi Agencies
76,APVZDLS64,Sri Vasavi Stores
77,APVZDLS76,SAI BHAGAVAN AGENCIES
78,APVZDLS78,SRI VASAVI LAKSHMI AGENCIES
79,APVZDLS83,SURYA ENTERPRISES
80,APVZDLS88,SRI RAMNJANEYA TRADERS
81,APVZDLS91,SRI KANAKAMAHALAXMI TRADERS
82,APVZDLS93,SAI SRINIVASA STORES
83,APVZDLS99,SRI KRISHNA CEMENTS
84,APVZDLV09,V.A.R. ENTERPRISES
85,APVZDLV11,VYSHNAVI ENTERPRISES
86,APEGDLV38,VIJAY TRADERS
87,APEGDLS197,SATYA SRI VARUNA ENTERPRISES
88,APEGDLM04,MEERA TRADERS
89,APEGDLA11,AMRUTHA ENTERPRISES
90,APEGDLL10,LAKSHMI VINAY ENTERPIRSES
91,APEGDLS182,SRI RADHA TRADERS
92,APEGDLS232,SRI SRI SIVA RAMAKRISHNA ENTERPRISES
93,APEGDLV37,VENKATA SRI PADALAMMA TRADERS
94,APEGDLG10,GAYATRI TRADERS
95,APEGDLL04,LEELA ENTERPRISES - Prathipadu
96,APEGDLS193,SREEAPARNACYCLE STORES & GENERAL STORES
97,APEGDLS227,SIDDI VENKATA SAI ENTERPRISES
98,APEGDLS60,SRI LAKSHMI VENKATESWARA TRADERS - Kirlampudi
99,APEGDLV33,VIJAYA GANESH AGENCIES
100,APWGDLB11,BHANU PRAKASH TRADERS
101,APWGDLK02,KANAKA DURGA TRADERS
102,APWGDLG04,GANESH TRADERS
103,APWGDLR09,R.R.TRADERS
104,APWGDLB08,BALAJI CEMENT & IRON TRADERS
105,APWGDLS161,M/S. SRI LAKSHMI VENKATESWARA TRADERS
106,APWGDLS89,SRI BHAVANI ENTERPRISES
107,APWGDLS122,SATYA SRINIVASA AGENCIES
108,APWGDLV18,VIJAYA NARASIMHA TRADERS
109,APWGDLS159,SRI LAKSHMI STEELS
110,APWGDLS79,SRI LAKSHMI STEELS
111,APWGDLS152,SRI LAKSHMI TRADERS
112,APWGDLS174,SRI VENKATESWARA ENTERPRISES
113,APWGDLS160,Sri Mahalakshmi General Stores
114,APWGDLA05,ADITYA ENTERPRISES
115,APWGDLS44,SRI LAKSHMI VENKATARAMA STEELS
116,APWGDLB05,M/S. BATCHU KRISHNA MURTHY
117,APWGDLO02,ONKAR SRI JAGANNADH TRADERS
118,APWGDLS145,S V S CEMENTS AND STEELS
119,APWGDLS59,Sri Lakshmi Enterprises
120,APWGDLS46,SRI LAKSHMI ENTERPRISES
121,APWGDLG05,GODAVARI STEELS
122,APWGDLS85,SRI PAVANI ENTERPRISES
123,APWGDLS178,SRI ANJANEYA TRADERS
124,APWGDLD09,DURGESWARI TRADERS
125,APWGDLS173,SWATHI TRADERS
126,APWGDLS169,SRI AYYAPPA GENERAL STORES
127,APWGDLS172,SATYA SURYA TRADERS
128,APWGDLS149,SRI SRINIVASA TRADERS
129,APWGDLS129,SRI CEMENT SHOP
130,APWGDLV07,VENUGOPAL AGRO AGENCIES
131,APWGDLS143,SRI LAKHMI GANESH CEMENT AND IRON GENERAL STORES
132,APWGDLS138,SRI VIJAYA DURGA GENERAL STORES
133,APWGDLS71,SRI JAYALAXMI AGENCIES
134,APWGDLB09,BHANU TRADERS
135,APWGDLS19,SRI VIJALAKSHMI TRADERS
136,APWGDLS175,SIVA SAI STEELS
137,APWGDLS118,SRI DURGA TRADERS
138,APWGDLT09,TEJA ENTERPRISES
139,APWGDLS157,Sri Venkata Suryambica Enterprises
140,APWGDLN04,NADIMPALLI SATYANARAYANA RAJU MARKETING
141,APWGDLS123,SRI LAKSHMI VENKATESWARA ENTERPRISES
142,APWGDLP08,P R V TRADERS
143,APWGDLS168,SRI KOVVURAMMA TRADERS
144,APWGDLG02,GANESH TRADERS
145,APWGDLC02,COMPLEX ERUVULA DEPOT
146,APWGDLV20,VINAYAKA CEMENT AND GENERAL STORES
147,APWGDLR08,RSA GENERAL STORE
148,APWGDLS164,SRI LAKSHMI VENKATESWARA FERTILISERS
149,APWGDLV16,vaishnavi traders
150,APWGDLK04,KANAKADURGA AGENCIES
151,APWGDLS163,S V MARKETING
152,APWGDLL10,LAKSHMI SRINIVASA TRADERS
153,APWGDLJ03,JAI CHIRANJEEVA AGENCIES
154,APWGDLS156,SRI SESHARATNAM STEELS
155,APWGDLK03,KYK TRADERS
156,APWGDLD08,DURGA TRADERS
157,APWGDLS57,Sri Maruthi Agencies
158,APWGDLS12,SATYA CEMENT AGENCIES
159,APWGDLS16,SRI SWAMYAYAPPA FERTILIZERS  PESTI.
160,APWGDLM09,MAHALAKSHMI STEEL ENTERPRISES
161,APWGDLS95,SRI RAMA STANDARD SUPPLERS
162,APWGDLD03,DURGA SAI SRINIVASA RICE  CEMENT GEN. ST.
163,APWGDLT01,T.V.S. GENERAL STORES
164,APWGDLS116,SRI MAHALAKSHMI GENERAL STORES
165,APWGDLL02,LAXMI HARDWARE & PAINTS STORES
166,APWGDLN06,NAVYA SRI TRADERS
167,APEGDLS245,SRI KARTIKEYA ENTERPRISES
168,APEGDLP06,PATTABI TRADERS - Kakinada
169,APEGDLS226,SANDHYA TRADERS
170,APEGDLG04,GANESH KRISHNA TRADERS - Pithapuram
171,APEGDLS155,SRI TIRUMALA MILL STORES.
172,APEGDLS139,SRI LAKSHMI DHIKSHITHA IRON CEMENT
173,APEGDLS172,SRI LAKSHMI SRINIVASA AGENCIES
174,APEGDLA03,ANANTHA LAKSHMI AGENCIES - Gollala Mamidada
175,APEGDLI01,ILLA SURYA RAO - Velangi
176,APEGDLK01,KAKARAPARTHI SRI SATYA HARANADH - Kakinada
177,APEGDLL13,LAKSHMI AGENCIES
178,APEGDLS153,SRI GOWTHAM AGENCIES
179,APEGDLS156,SRI SRINIVASA TRADERS
180,APEGDLS199,SRI KUMARI AGENCIES
181,APEGDLS213,SRI VIJAYA LAKSHMI AGENCY
182,APEGDLS214,SRI SRI MARUTHI AGENCIES
183,APEGDLS238,SRINIVASA STEELS
184,APEGDLS54,SRI VEERABHADRA ENTERPRISES - Vetlapalem
185,APEGDLS86,SRI KARTHIKEYA AGENCIES - Komaripalem
186,APEGDLV25,VIJAYA LAKSHMI ENTERPRISES
187,APEGDLS237,SRI DURGA CEMENT WORKS AND GENERAL TRADERS
188,APEGDLV36,VIJAYASAI ENTER PRISES
189,APEGDLS207,"SRI SAI PAVANI TRADERS,MALIKIPURAM"
190,APEGDLS190,SRI SIVA SAI STEELS & CEMENTS
191,APEGDLS158,SRI BALAJI ENTERPRISES
192,APEGDLS142,SRI LAKSHMI GANAPATHI GENERAL STORES
193,APEGDLS95,Sri Venkata Laxmi Agencies
194,APEGDLK07,KONASEEMA BUILDING MATERIALS
195,APEGDLS49,SHIRDHI SAI CEMENT  GENERAL STORES
196,APEGDLP09,PASUMARTHI VENKATESWARA RAO & CO
197,APEGDLD04,DHANALAKSHMI STEEL TRADERS
198,APEGDLS166,SRI SATYALAKSHMI GENERAL STORES
199,APEGDLS17,SRI LAKSHMI GANAPATHI GENERAL STORES
200,APEGDLS168,SRI MAHA LAKSHMI TRADERS
201,APEGDLV28,VASUNDARA DEVI CEMENT IRON & GENERAL STORES
202,APEGDLS151,SRI VEERA VENKATA LAKSHMI RICE CEMENT AND HARDWARE
203,APEGDLV20,VILLA SRINIVASA KUMAR
204,APEGDLS64,SRI RAMAM KRISHNA ENTERPRISES
205,APEGDLS180,SRI LAKSHMI NARASIMHA TRADERS
206,APEGDLP02,PADMAJA AGENCIES
207,APEGDLG02,GIRIJA TRADERS
208,APEGDLV24,VENKATESWARA CEMENTS
209,APEGDLK05,KANAKA DURGA TRADERS
210,APEGDLK11,KRISHNA AGENCIES
211,APEGDLG08,GIRIPRIYA IRON&CEMENT
212,APEGDLS77,SRI LAKSHMINARAYANA TRADERS
213,APEGDLS36,SRI VEERA LAKSHMI RAMYA KRISHNA AGENCIES
214,APEGDLS06,SRI DURGA DEVI AGENCIES
215,APWGDLA04,ANUDEEP AGENCIES-GANAPAVARAM
216,APWGDLB01,BHAGYALAKSHMI AGENCIES
217,APWGDLG07,GODAVARI ASSOCIATES
218,APWGDLK01,KARTHIKEYA TRADERS PRO SANDHANALA VENKATASWAMY NAIDU MUTYALAPALLI
219,APWGDLL09,LAKSHMI SATYASAI ENTERPRISES
220,APWGDLL12,LAKSHMI AGENCIES VALLURU
221,APWGDLP06,PVR STEELS
222,APWGDLS05,SRI SEETARAMA MEDICAL  GEN STORES
223,APWGDLS136,SRI SRINIVASA ENTERPRISES
224,APWGDLS154,SAIRAM TRADERS
225,APWGDLS165,SATYA LAKSHMI GENERAL STORE
226,APWGDLS170,SRI SRINIVASA TRADERS
227,APWGDLS84,SATYA AGENCIES
228,APWGDLT03,TANMAYEE AGENCIES
229,APWGDLT08,TAYARU LAKSHMI CEMENT & STEELS
230,APWGDLM10,MOHANA KRISHNA AGENCIES
231,APWGDLS93,Sai anjaneya traders
232,APEGDLS204,M/S SREE LAKSHMI SAINATHA AGENCIES RAJANAGARAM
233,APEGDLS243,SRI SRINIVASA ENTERPRISES
234,APEGDLS244,SIRI ENTERPRISES
235,APEGDLE01,ESWAR STEELS
236,APEGDLI03,INDHU AGRO AGENCIES
237,APEGDLS126,SRI DURGA AGENCIES
238,APEGDLS171,SRI KRISHNA AGRO CHEMICALS
239,APEGDLS184,SRI PADALAMMA LAXMI GANESH TRADERS
240,APEGDLS236,SRI VIJAYA DURGA STEELS
241,APEGDLS27,SRI VEERABHADRA AGENCIES
242,APEGDLV40,VENKATA SAI TRADERS
243,APEGDLA10,ANNAPURNA BUILDING MATERIALS
244,APEGDLL03,LAKSHMI TIRUMALA CEMENT  HARDWARA STORES - Kakinada
245,APEGDLL12,LAKSHMI AGENCIES
246,APEGDLN06,NARASIMHA ENTERPRISES
247,APEGDLS101,Sri Srinivasa Traders
248,APEGDLS161,SRI LEELA KRISHNA STEELS OTIMAMIDI
249,APEGDLS179,SRI MANGAL ENTERPRISES
250,APEGDLS186,SRI NAGA SAI DURGA ENTERPRISES
251,APEGDLS205,SRI GAYATRI HARDWARE & BUILDING MATERIALS
252,APEGDLS215,SRI DHARA SAI AGENCIES
253,APEGDLS216,SIRI ENTERPRISES
254,APEGDLS241,SRI SEETHARAMA AGENCIES
255,APEGDLV10,VEERABHADRA AGENCIES
256,APWGDLL07,lokeswari matha agencies Lankalakoderu
257,APKRDLA14,ASIF ENTERPRISES
258,APKRDLA15,AFZAL ENTERPRISES
259,APKRDLK05,K K MARKETING AGENCY
260,APKRDLM01,MOHANA KRISHNA IRON TRADERS
261,APKRDLM13,MANIKANTA TRADERS
262,APKRDLM16,MANIKANTA STEEL CEMENT AND HARDWARE
263,APKRDLP05,PANCHMUKH  SAI  ENTERPRISE
264,APKRDLS09,SRI HANUMAN AGENCIES
265,APKRDLS113,SRI AYYAPPA IRON AND CEMENT WORKS
266,APKRDLS117,SHANKAR ENTERPRISES
267,APKRDLS125,SRI VIGNESWARA AGENCIES
268,APKRDLS128,SRI SRINIVASA IRON & GENERAL STORES
269,APKRDLS130,SRINIVASA CEMENT WORKS
270,APKRDLS131,SAI SURYA TRADERS
271,APKRDLS136,SREE VENKATA SAIRAM AGENCIES
272,APKRDLS140,SRI SAI CEMENTS STEELS
273,APKRDLS143,SRI CHENNA KESAVA IRON HARDWARE AND GENERAL STORES 
274,APKRDLS15,SUDHAKAR ENTERPRISES
275,APKRDLS26,SRI SAI KRISHNA FERTILISERS
276,APKRDLS41,SRI VENKATA DURGA STEEL ENTERPRISES
277,APKRDLV12,VENKATESWARA CEMENT AND GENERAL STORES
278,APKRDLV25,VANADURGA CEMENT & METERIALS SUPPLIERS
279,APGUDLA05,ADDEPALLI SETA RAMANJANEYULU
280,APGUDLC07,CHEGU YUGANDHAR
281,APGUDLD10,DHANA LAKSHMI CEMENT STORES
282,APGUDLG06,GOKUL ENTERPRISES.
283,APGUDLG07,GVR TRADERS
284,APGUDLK10,KUNDHANA STEEL AND CEMENT
285,APGUDLL12,LAKSHMI PRASANNA ENTERPRISES
286,APGUDLL17,LAKSHMI DURGA CEMENT WORKS
287,APGUDLS128,SARASWATHI ENTERPRISES
288,APGUDLS140,SRI VEERA VENKATA SATYA DEVA TRADERS
289,APGUDLS96,SRINIVASA ENTERPRISES
290,APGUDLS99,SRI SRAVANI INFRA
291,APGUDLS138,SRI CHENNADAS ENTERPRISES
292,APGUDLB07,B T TRADERS
293,APGUDLB08,BISMELA TRADERS
294,APGUDLD11,DAYANANDA STEELS
295,APGUDLG02,GAYATHRI TRADERS
296,APGUDLK07,KUSUMA SIRI AGENCIES
297,APGUDLL01,LAKSHMI DURGA SLABS  TILES - Repalli
298,APGUDLL05,LEELA SAI MADHAVI ENTERPRISES
299,APGUDLL09,LAKSHMI GANAPATHI STEEL & CEMENTS
300,APGUDLL18,LALITHA STEELS AND HARDWARE
301,APGUDLL19,LAKSHMI STEEL CORPORATION   
302,APGUDLL20,LAKSHMI VENKATESWARA TRADERS
303,APGUDLM06,MUBARAK ENTERPRISES
304,APGUDLM12,MADEENA ENTERPRISES
305,APGUDLM15,M.R.K.TRADERS
306,APGUDLN02,NAGA MALLESWARI AGENCIES
307,APGUDLP01,POORNA TRADERS
308,APGUDLR02,Ramakrishna Traders
309,APGUDLR06,RAGHAVA TRADERS
310,APGUDLS02,SAI SRINIVASA CEMENT AGENCIES
311,APGUDLS09,SRI BALAJI AGENCIES - Nidubrolu
312,APGUDLS101,SRI VENKATA SATYANARAYANA AGENCIES.
313,APGUDLS114,M/S SRI RAGHAVENDRA STEEL CORPORATION
314,APGUDLS123,SAMBA SIVA ENTERPRISES
315,APGUDLS124,SRI LAKSHMI AGENCIES
316,APGUDLS126,SRI DURGA STEELS
317,APGUDLS129,M/S SRI GAYATRI TRADERS
318,APGUDLS130,SAI KRISHNA TRADERS
319,APGUDLS132,SRINIVASA TIMBER DEPOT
320,APGUDLS134,SRINIVASA STEEL TRADERS
321,APGUDLS136,SRI SAI CEMENTS
322,APGUDLS137,SRI GOPALA KRISHNA AGENCIES
323,APGUDLS15,SRI SAI ENTERPRISES
324,APGUDLS21,S.A.S. STONE POLISH DEPOT
325,APGUDLS24,SONY AGENCIES - PONNURU
326,APGUDLS41,SAI DHANALAKSHMI TRADERS
327,APGUDLS54,SRI VENKATA ADINARAYANA AGENCIES
328,APGUDLS56,SRI SIVA SANKARA TRADERS
329,APGUDLS59,SRINIVASA STEELS
330,APGUDLS63,SRI KRISHNA AGENCIES
331,APGUDLS65,SRI RAMA TRADERS
332,APGUDLS69,SRI SAI DURGA TRADERS
333,APGUDLS74,SRI VARUN KUMAR STEELS
334,APGUDLS75,SRI SAI STEEL CORPORATION
335,APGUDLS82,SRI SREENIVASA AGENCIES
336,APGUDLS84,SRI VENKATA KRISHNA STEELS
337,APGUDLS86,SRI VENKATESWARA TRADERS
338,APGUDLS89,SRI BALAJI ENTERPRISES
339,APGUDLS90,SRI VIJAYA KRISHNA AGENCIES
340,APGUDLS92,SAI GOPI ENTERPRISES
341,APGUDLS95,SRI VEERANJANEYA STEEL & CEMENT COPORATION
342,APGUDLS97,SRI SAMBASIVA ENTERPRISES
343,APGUDLV05,VENKATA KRISHNA STEEL CORPORATION
344,APGUDLV23,VINAYAKA STEEL AND TILES
345,APKRDLA04,ADITHYA ENTERPRISES
346,APKRDLA08,ANJANEYA STEEL & CEMENTS
347,APKRDLA09,AYYAPPA ENTERPRISES
348,APKRDLA16,AMARAVATHI CEMENTS
349,APKRDLB02,BHAGYA SRI ENTERPRISES
350,APKRDLB05,BORRA RAMESH
351,APKRDLC03,CHINNI KRISHNA ENTERPRISES
352,APKRDLC04,CHINMAY TRADERS
353,APKRDLH02,HOME DEPOT
354,APKRDLJ01,JAYALAKSHMI STEEL  CEMENT
355,APKRDLK07,KARTHIK ENTERPRISES
356,APKRDLL03,LAKSHMI SRINIVASA STEEL  CEMENT
357,APKRDLL07,LAKSHMI GANESH HOUSING METERIALS.
358,APKRDLL08,LEELASRI TRADERS
359,APKRDLM06,MAHALAKSHMI GENERAL TRADERS
360,APKRDLM09,MV STEEL TRADERS
361,APKRDLM10,M.B.S. TRADERS
362,APKRDLM11,MAHA LAKSHMI AGENCIES
363,APKRDLM14,MAHITHA STEEL & CEMENT
364,APKRDLM15,MOHITH TRADERS
365,APKRDLR01,RAJENDRA TRADERS
366,APKRDLS02,SRI KRISHNA ENTERPRISES
367,APKRDLS103,SRINIVASA AGENCIES
368,APKRDLS104,SAI KEERTHI ENTERPRISES
369,APKRDLS106,M/S SRI CHENNA KESAVA FERTILISERS PESTICIDES
370,APKRDLS110,SUPRAJA  TRADERS
371,APKRDLS126,SATISH PAINTS
372,APKRDLS133,SIVA KRISHNA TRADERS
373,APKRDLS134,SAI SRINIVASA ENTERPRISES
374,APKRDLS138,SIRI VIGNESWARA TRADERS
375,APKRDLS14,SRI VENKATESWARA CEMENT CONCRETE PRODUCTS
376,APKRDLS141,SRI MANIKANTA SUPPLIERS TRADERS
377,APKRDLS142,SATTAR AGENCIES
378,APKRDLS28,SRI ESWARA SAWMILL  AGENCIES
379,APKRDLS34,SREE ANNAPURNA ENTERPRISES
380,APKRDLS42,SRI VINAYAKA TRADERS
381,APKRDLT05,TEJA CENTRING AND DEVELOPERS
382,APKRDLU01,UMA TRADERS
383,APKRDLV07,VIJAY TRADERS
384,APKRDLV10,VIJAYA DURGA ELECTRICALS
385,APKRDLV22,VARDHAN TRADERS
386,APKRDLV23,VENKATA SAI BABA TRADERS
387,APKRDLK04,KARTHIKEYA ENTERPRISES
388,APKRDLY04,YODHA GROUPS
389,APKRDLV18,VIJAYALAKSHMI IRON STORES
390,APGUDLY03,YASIN ENTERPRISES
391,APGUDLK09,KARTHIKEYA ENTERPRISES
392,APGUDLB01,BHAVANISHANKAR ENTEPRISES
393,APGUDLS142,SADINENI SRINIVAS CEMENT IRON & HARDWARE
394,APGUDLS141,SAI MANIKANTA BALAJI ENTERPRISES
395,APGUDLV19,VYSHNAVI TRADERS
396,APKRDLS139,SRI HANUMAN AGENICES
397,APKRDLS122,SRI VENKATA SIVA SAIRAMAAGENCIES
398,APNEDLA02,A.N.R. CEMENT & STEELS
399,APNEDLB04,BALAJISTEELS& CEMENTS
400,APNEDLB05,BALAJI STORES
401,APNEDLC02,C V R TRADERS
402,APNEDLI02,ISKA INFRAS
403,APNEDLK08,KONERU STEELS AND CEMENTS
404,APNEDLK11,K M STEEL & CEMENT
405,APNEDLK12,KNR TRADERS
406,APNEDLN03,Nagarjuna Steels
407,APNEDLR10,RAJA STEELS AND CEMENTS
408,APNEDLS52,SREE VARMA STEELS & CEMENTS
409,APNEDLS54,SRI BALAJI STEELS & CEMENTS.
410,APNEDLS73,SRI BALAJI ENTERPRISES
411,APNEDLS66,M/S SAI DEEPTHI AGENCIES
412,APNEDLS75,SRI CENCHU VENKATALAKSHMI TRADERS
413,APNEDLS77,SRI ANJANEYA AGENCIES
414,APNEDLV10,VIGNESWARA ENTERPRISES
415,APNEDLS76,SRI SRINIVASA AGENCIES
416,APNEDLN06,NITEESH ENTERPRISES
417,APNEDLS18,SRI SRINIVASA CEMENT STEEL
418,APNEDLB03,BASHA TRADERS 
419,APNEDLS74,SRI LAKSHMI VENKATESWARA INDUSTRIES 
420,APPRDLA08,ALI TRADERS
421,APPRDLG01,GOPAL STEEL SYNDICATE
422,APPRDLJ02,JAYALAKSHMI IRON CEMENTS
423,APPRDLK11,KAKARAPARTHI SAMBASIVARAO NEW
424,APPRDLL04,LAKSHMI NARAYANA TRADERS
425,APPRDLL05,LALITHA SAI TRADERS
426,APPRDLM05,Mubark Agencies
427,APPRDLM08,MADHAVI GENERAL STORES
428,APPRDLM12,MAHALAKSHMI STEEL TRADERS
429,APPRDLM13,MASTHAN BABA TRADERS
430,APPRDLP07,PRASANNANJANEYA TRADERS
431,APPRDLP09,PRAVEEN TRADERS
432,APPRDLR05,RAFI TRADERS
433,APPRDLS08,SRI SATYNARAYANA FERTILIZERS
434,APPRDLS14,SRI SAI VIGNESWARA STEEL ENTERPRISES
435,APPRDLS37,SRI SAI MARUTI BUILDING MATERIALS
436,APPRDLS47,SRI DURGA TRADERS
437,APPRDLS48,SRI SAI CEMENT AGENCIES
438,APPRDLS62,SRI PADMA TRADERS
439,APPRDLS64,SRI SUBRAMANYESWARA FERTILISERS
440,APPRDLS67,SRI LAKSHMI NARASIMHA TRADERS
441,APPRDLS73,SRI SAI RAMBABU TRADERS MUNDLAMURU
442,APPRDLS76,SRI YOGANANDA LAKSHMI NARASIMHA SWAMY TRADERS
443,APPRDLS80,SHANMUKHA TRADERS
444,APPRDLS81,SRI SAI SIRISHA TRADERS
445,APPRDLS83,Sri Venkata Ramana Traders
446,APPRDLS85,SREE LAKSHMI PRASHANNA TRADERS
447,APPRDLS86,SRI BALAJI TRADERS
448,APPRDLS87,SRI PRASANNA TRADERS
449,APPRDLS88,SRI SRINIVASA FERTILISERS
450,APPRDLS89,SAI HARSHA TRADERS
451,APPRDLS91,SRI PALANI AGENCIES
452,APPRDLS92,SRI LAKSHMI TRADERS
453,APPRDLS93,SRI VENKATESWARA IRON AND HARDWARES
454,APPRDLS95,SRI SAI GANESH IRON AND CEMENT
455,APPRDLV07,VENKATA SAI TRADERS
456,APPRDLV09,VIJAYA TRADERS
457,APPRDLV10,VENGAMAMBA IRON AND HARDWARE
458,APANDLA03,AKSHAY HARDWARE & CEMENT
459,APANDLG01,GUDEKOTA ENTERPRISE
460,APANDLG02,Gangabhavani Traders
461,APANDLK03,KRISHNA TRDERS
462,APANDLL03,LAKSHMI NARAYANA TRADERS
463,APANDLL05,LAKSHMI BHAVISYA TRADERS
464,APANDLM09,MAHABOOB TRADERS
465,APANDLM10,M S TRADERS
466,APANDLM11,MAHABOOB STEELS
467,APANDLP02,PAVAN TRADERS
468,APANDLS42,SANDYA SEEDS & PESTICIDES
469,APANDLS49,SREE MARUTHI AGENCIES
470,APANDLS55,SAI RANGANATHA STEELS PRIVATE LIMITED
471,APANDLS56,SRI ANANTH TRADERS
472,APANDLS62,SRI NARASIMHA TRADERS
473,APANDLS64,SRI BALAJI TRADERS
474,APANDLS66,SRI GURU RAGHAVENDRA IRON MART
475,APANDLS68,SAI BALAJI ENTERPRISES
476,APANDLS69,SAI CHARAN ENTERPRISES
477,APANDLS70,SHRI SAPTHAGIRI STEELS AND CEMENTS
478,APANDLV05,M/S VENKATESWARA HARDWARE
479,APKUDLB03,BABU TRADERS
480,APKUDLB06,B VENKATESWAR REDDY
481,APKUDLH04,HAKEEM TRADERS
482,APKUDLJ02,JOGULAMBA AGENCIES
483,APKUDLK06,K G N TRADERS
484,APKUDLK07,K V R AGENCIES
485,APKUDLM02,MAHAVEER IRON MART
486,APKUDLM10,MANJUNATHA TRADERS
487,APKUDLM11,M R CEMENT & STEEL TRADERS
488,APKUDLS23,SIVA AGENCIES - VELGODE
489,APKUDLS45,SAMEER TRADERS
490,APKUDLS46,SREE GANESH TRADERS
491,APKUDLS50,SSV HARDWARES
492,APKUDLS53,SAHAS AGENCIES
493,APKUDLS56,S K CEMENT AGENCIES
494,APKUDLS58,SREE SAI TRADERS
495,APKUDLV03,VIJAYADURGA TRADERS AND HARDWARES
496,APANDLS01,SRI KESAVA TRADERS
497,APKUDLN02,SRI RANGA AGENCIES
498,APKUDLP07,PRATHAP TRADERS
499,APCHDLH11,HARI ENTERPRISES
500,APCHDLR11,RAMANA REDDY TRADERS
501,APCHDLS32,Sri Venkateswara Fertilizers
502,APCHDLS83,SRI LAKSHMI VENKATESWARA ENTERPRISES
503,APCHDLS66,sri sabari enterprise
504,APCHDLS95,SMD SHAREEF TRADERS
505,APCHDLS102,SANA TRADERS
506,APCHDLK04,KARTHEEK ENTERPRISES
507,APCHDLV12,VISHNNU STEEL &CEMENT
508,APCHDLM06,MAHESH TRADERS
509,APCHDLS104,Sri Vinayaka Enterprises
510,APCHDLS96,SREE SAI KRISHNA AGENCIES
511,APCHDLS101,SRI GANAPATHI CEMENTS
512,APCHDLS97,SRI VINAYAKA STEEL &CEMENT
513,APCUDLD02,DVR TRADERS
514,APCUDLJ03,JP RAMANAMMA TRADERS
515,APCUDLS29,SIVANAGA ENTERPRISES
516,APCUDLP01,PVC HARDWARES
517,APCUDLA03,ANJANA TRADERS
518,APCUDLD01,DHORNADULA CHANDRA MOULI
519,APCUDLJ04,JUTURU VENKATA SUBBA RAO
520,APCUDLK01,KOTA SUDHAKAR
521,APCUDLS05,SRI LAXMI VENKATESWARA FERTILIZERS 
522,APCUDLS06,SAI MOUNIKA TRADERS
523,APCUDLS09,SRI VIJAYA SAI TRADERS
524,APCUDLS31,SRI SIVAGANESH TRADERS
525,APCUDLS47,SRI SAI LAKSHMI TRADERS
526,APCUDLS49,SRI LAKSHMI VENKATESWARA FERTILISERS
527,APCUDLV06,Veera Raghava Enterprises
528,APCUDLS02,SRI SAI KRISHNA TRADERS
529,APCUDLS37,SRI ANJANEYA TRADERS
530,APCUDLS48,SRI LAKSHMI NARASIMHA ENTERPRISES
531,APCUDLM05,MASHA ALLAH CEMENT &STEEL
532,APCUDLS54,SRI CHOWDESWARI AGENCIES
533,TSTCDLN05,NAGARJUNA STEEL MART
534,TSTCDLP09,M/S. PATEL AGENCIES
535,TSRRDLH02,HYDERABAD CEMENT MARKETING
536,TSRRDLM03,MOHIT AGENCIES
537,TSRRDLS15,SAI MARUTHI SYNDICATES
538,TSRRDLM07,MANGALAM SALES CORP
539,TSRRDLS16,M/S SRINIVASA TRADERS
540,TSRRDLS19,SRI TIRUMALA AND CO
541,TSRRDLS49,SRI HARSHA CO
542,TSRRDLS28,M/S SRI SAI ENTERPRISES
543,TSTCDLK02,"K. NAGESHWARA RAO, CEMENT AGENCY"
544,TSRRDLS29,SRI VENKATESHWARA TRADERS
545,TSRRDLM10,M/S MANJU MARKETING
546,TSRRDLS26,M/S SRI DATTASAI ENTERPRISES
547,TSRRDLB04,BALAJI STEEL AND CEMENT
548,TSRRDLT02,TRIMURTHI CEMENT DISTRIBUTORS
549,TSRRDLA03,ADVANCED ACTIVE TRADERS
550,TSRRDLR02,M/S RAJA RAJENDRA TRADERS
551,TSTCDLL02,LIMRA TRADERS
552,TSRRDLS33,M/S SRI VENKATESHWARA MARKETING
553,TSRRDLS24,SRINIVASA STEEL AGENCIES
554,TSTCDLV05,VASAVI SALES CORPORATION
555,TSRRDLS53,SAI BABA TRADERS
556,TSTCDLR02,RAJ TRADING
557,TSRRDLC01,CHAMUNDESHWARI STEEL TRADERS
558,TSRRDLS46,SRI SAI STEEL TRADERS
559,TSRRDLM09,MANGA CONSTRUCTIONS
560,TSRRDLS51,SRI SAPTHAGIRI STEEL CEMENT WHOLESALERS
561,TSTCDLT02,TAWAKKAL STEELS AND CEMENT
562,TSRRDLS48,M/S S A PATEL AND CO
563,TSTCDLM05,MOOSANI MARKETING
564,TSTCDLM06,M A S TRADERS
565,TSTCDLM07,MODERN MARKETING ASSOCIATES
566,TSRRDLM13,M M TRADERS
567,TSRRDLS14,SRI SAI KRUPA STEEL TRADERS
568,TSRRDLM08,MAYANK MARKETING ASSOCIATES
569,TSRRDLR04,ROYAL CEMENT & STEEL
570,TSRRDLS37,SIVA BALAJI ENTERPRISES
571,TSRRDLD02,M/S DIVYANI MARKETING
572,TSTCDLS22,SRI DEVI AGENCIES
573,TSTCDLS29,SHREE RANGNATH TRADING CO
574,TSRRDLG07,GURU BASAVA STEEL
575,TSTCDLM08,MAHIRA TRADERS
576,TSTCDLS31,Shree Associates
577,TSRRDLK03,K.G.N. TRADERS
578,TSMEDLS33,SAI BALAJI ENTERPRISES
579,TSMADLS48,SRI VINAYAKA TRADERS
580,TSMEDLJ01,JAI BHAVANI TRADING CO
581,TSMADLS27,SRI GAYATHRI TRADERS
582,TSMEDLB01,BHAVANI TRADERS
583,TSMADLS36,SRI LAXMI VENKATESHWARA STEEL AND CEMENT TRADERS
584,TSMEDLS36,SHIRIDI SAIBABA TRADERS
585,TSMADLS47,M/S SUGUNA IRON CEMENT
586,TSMADLS15,"SUDHA IRON & HARD WARE,ACHAMPET"
587,TSMEDLS24,Sri Sadguru Traders
588,TSMEDLS04,M/S SRI GAYATRI CEMENT AGENCIES
589,TSMADLS35,SREE TIRUMALA IRON & CEMENT TRADERS
590,TSRRDLV04,VIJAYALAKSHMI STEEL AND CEMENT TRADER
591,TSMADLP01,PAVAN SAI TRADERS
592,TSMEDLS07,SRI SAI DURGA TRADERS
593,TSMEDLM03,M/S MA MOIZ TRADERS
594,TSMEDLS17,SRI SAI BALAJI TRADERS
595,TSMADLS12,M/S SRI SRINIVASA IRON & CEMENT STORES
596,TSMADLS38,M/S SRI KATTAKINDA THIMMAPPA SWAMY TRADERS
597,TSMADLS49,SRI BHAGAVAN TRADERS
598,TSNADLS28,SRI VENKATESWARA CEMENT AGENCIES
599,TSNADLS70,Sree padmavathi Enterprises
600,TSNADLV08,VORUGANTI RAMMURTHY CEMENT AND GEERAL MERCHANT
601,TSKHDLS40,sri srinivasa iron hardware and general stores
602,TSNADLS21,SATYANARAYANA ENTERPRISES
603,TSNADLS34,SRI VENKATARAMANA IRON & CEMENT SYNDICATE
604,TSNADLV01,VIJAYA JANATHA
605,TSKHDLR07,RUPA STEEL SYNDICATE GENERAL
606,TSKHDLS19,SRI KANAKADURGA STEEL SYNDICATE
607,TSKHDLS03,SRI RAMAKRISHNA AGENCIES
608,TSNADLS24,SRI VENKATA RAMANA IRON H.W. & GENERAL
609,TSNADLN06,NISHI AGENCIES
610,TSKHDLS34,SRI SRISRI VENKATA SAI RAM IRON SYNDICATE
611,TSNADLK01,KAMISETTY SEKHAR
612,TSKHDLB04,BOGGAVARAPU VENKATA RAJARAO
613,TSNADLS52,sri anjaneya cement agencies
614,TSWADLS20,SRI GOURI SHANKAR IRON MERCHANT
615,TSKHDLD04,DRUVA ENTERPRISES
616,TSKHDLR06,RAGHAVA TRADERS
617,TSKHDLS30,SAI LAXMI NARASIMHA STEEL SYNDICATE
618,TSNADLS63,Sri Laxmi Narasimha Traders
619,TSWADLS05,Sri Vasavi Traders
620,TSNIDLP02,Pranay chowdary & co
621,TSKADLD04,M/S DHATRI TRADERS
622,TSADDLN01,NIKITHA TRADERS BELLAMPALLI
623,TSKADLS10,sai agencies
624,TSKADLR04,M/S RAJA RAJESHWARA TRADERS
625,TSADDLS11,SRI LAXMI GANAPATHI TRADERS
626,TSKADLA04,A N TRADERS
627,TSADDLR02,M/s RAMAKRUSHNA AGENCIES
628,TSADDLB02,BVS TRADERS
629,TSADDLS13,SRI LAXMI ENTERPRISES
630,TSADDLS02,M/S SRI BALAJI HARDWARE & ELECTRICALS DANDEPALLY
631,TSADDLS16,SRS Agences
632,TSNIDLS10,Sri sai ram traders
633,TSNIDLR01,Raghavendra agencies
634,TSNIDLT01,Tirumala trading company
635,TSNIDLS13,Sri Navadurga traders
636,TSNIDLR05,Rajesh traders
637,TSKADLS32,Sri anjaneya traders
638,TSADDLS10,Saibaba Traders
639,TSADDLS12,Sri Sai Traders
640,TSKADLS34,"Sri Chakra Traders,Pegadapalli"
641,TSKADLS25,"SRI SATYANARAYANA IRON, HARDWARE ENGI AND GENERAL MERCHANTS"
642,TSMEDLS12,SRI KETAKI BHRAMARAMBHA MALLIKARJUNA TRADERS
643,TSKADLE01,EKAVEERA HARDWARE
644,TSKADLS26,SREE YASHODA ENTERPRISES
645,TSKADLL01,"LAXMI TRADERS, CEMENT"
646,TSMEDLY02,YASHODA AGENCIES
647,TSKADLR05,RAMANJANEYA CEMENT AND IRON
648,TSMEDLS18,SRI VENKATESHWARA STEEL SYNDICATE
649,TSKADLM06,MALLIKARJUNA TRADERS
650,TSKADLS28,SRI RAJARAJESWARA STEEL TRADERS
651,TSMEDLS25,SRI MANJUNATHA TRADERS
652,TSKADLS38,S R R AGENCIES
653,TSMEDLS35,SRI RENUKAMATHA TRADERS
654,TSKADLM09,MALLIKARJUNA ENTERPRISES
655,TSMEDLJ02,JAI BHAVANI STEEL & CEMENT
656,TSKADLS41,"SRINIVASA TRADERS, VEMULAWADA"
657,TSKADLS18,"SAIRAM IRON & CEMENT, GANGADHARA"
658,TSMEDLN01,NEW VENKATA SAI PAINTS & ELECTRICALS
659,TSKADLB06,"M/s. BRR CONSTRUCTIONS, EQUIPMENTS & SUPPLIERS"
660,TSMEDLL03,LAXMI NARASIMHA CEMENT AND HARDWARE
661,TSKADLL02,LAXMI CEMENT AGENCIES 
662,TSKADLS27,M/S SRI RAJA RAJESHWARA TRADERS
663,TSKADLK02,KODAM SATHYANARAYANA AGENCIES
664,TSKADLS37,Sri Manjunatha Traders
665,TSKADLM03,Mamatha Traders
666,TSMEDLS30,Sri Sai Steel and Cement Drpot
667,TSKADLS33,Sri Raja Rajeshwara Traders
668,TSNIDLP03,Praveen Traders
669,TSNIDLS11,Sree Laxmi Traders
670,TSMEDLR02,Raghavendra Engineering 
671,TSKHDLV07,SHREE VENKATESWARA ENTERPRISES
672,TSWADLS17,SRI DURGA IRON & HARDWARE
673,TSKHDLS18,SARASWATHI AGENCIES
674,TSWADLS25,SRI SRINIVASA AGENCIES
675,TSWADLS09,SESHADRI IRON & CEMENT MERCHANT
676,TSKHDLS50,SRI VINAYAKA TRADERS
677,TSKHDLS33,SRI VENKATESWRA STEELS & CEMENTS
678,TSKHDLS45,SRI SRI SRINIVASA ENTERPRISES
679,TSWADLS26,SAMMAIAH AGENCIES
680,TSWADLU03,UMA MAHESHWARA TRADERS
681,TSKHDLH01,HANUMAVATHI ENTERPRISES
682,TSWADLS31,SRI MAHA LAKSHMI AGENCIES
683,TSWADLR03,"RACHANA CEMENT , IRON & HARDWARE"
684,TSWADLM02,MAHESHWARA IRON AND HARDWARE
685,TSKHDLS06,SRI LAKSHMI ENTERPRISES
686,TSKHDLL06,LAXMI FANCY GENERAL TRADERS
687,TSKHDLS42,SRI RAMAKRISHNA CEMENT AND HARDWARE
688,TSKHDLS32,SRI LAKSHMI IRON HARD WARE & GERNERAL STORES
689,TSKHDLL05,laxmi prasanna bricks plant
690,TSWADLS29,SHIRIDI SAI CEMENT IRON HARDWARE
691,TSWADLR06,RAGHURAM TRADERS
692,TSWADLS30,"M/S SRAVANTHI FERTILIZERS, PESTICIDES & SEEDS"
693,TSWADLS13,SATYA SAI TRADERS
694,TSWADLU01,UMA MAHESWARA IRON & CEMENT
695,TSWADLH03,HANUMAN IRON
696,TSWADLS16,SAI KRISHA ELEC AND ENG
697,TSKHDLS35,SRI VENKATESWRA ENTERPRISES
698,TSKADLD03,DHANYA CEMENT AND HARDWARE
699,TSWADLS34,SRI VENU IRON HARD WARE & PAINTS
700,TSWADLR04,RENUKA IRON & HARDWARE
701,TNCHDLO07,OSSVVEL CEMENT STEEL
702,TNCHDLS115,SRI VIJAYALAKSHMI CEMENT ELECTRICALS
703,TNCHDLK12,KUMARAN ENTERPRISES
704,TNCHDLS85,SRI KANDHAN TRADERS
705,TNCHDLA17,ADHITHYAA AGENCY
706,TNCHDLD06,DATASAI ASSOCIATES 
707,TNCHDLK19,KUMAR ASSOCIATES 
708,TNCHDLO06,OM SAKTHI AGENCY 
709,TNCHDLS86,VINAYGA AGENCY 
710,TNCHDLP02,PALANIKUMAR TRADER 
711,TNPODLM02,MANAMEDU FERTILIZER 
712,TNVPDLO01,OM SAKTHI FERTILIZER 
713,TNVPDLS03,SANTHI TRADERS 
714,TNVPDLV02,VKM HARDWARES
715,TNCUDLS01,SHREE SHARAVANA AGENCIES 
716,TNKPDLH02,HARIKA & CO.
717,TNKPDLP01,PRABHU AGENCIES
718,TNKPDLS20,SRI JANAKIRAMAN TRADERS
719,TNKPDLS51,SRI RAJAN & CO
720,TNKPDLS41,SWAMY TRADERS
721,TNKPDLM11,M.P.K.ENTERPRISES
722,TNKPDLK02,KALAI ANBU AGENCIES
723,TNKPDLS20,SRI KRISHNA TRADERS 
724,TNKPDLO03,OM SAKTHI TRADERS 
725,KARADLS08,SRIVEDI ENTERPRISES
726,KARADLS07,SUGURESWARA ENTERPRISES 
727,KARADLS06,SRI AMARESHWARA TRADERS
728,KARADLS11,SRI JYOTHI AGENCIES 
729,KARADLR01,ROHINI ENTERPRISES
730,KARADLL02,"LAKSHMI NARASIMHA CONS, &  MFG"
731,KRBADLS15,"GIRIJA TRADING CO,"
732,KARADLM02,MANSOOR PATIL PATEL ENTERPRISES
733,KABLDLS48,SREE VAARI AGENCIES
734,KABLDLV09,V S R TRADERS
735,KABLDLT01,THURUMALA ENTERPRISES
736,KAYADLH01,HEMA TRADERS
737,KAYADLS04,BHAGYAVATHI ARGO TRADERS
738,KAYADLS05,BASAVA TARDING CO
739,KAYADLP01,PARAMANADESWARA TRADERS
740,KAYADLS06,BHAGYAVATHI TRADERS
741,KARADLM03,MALLIKARJUNA ENTERPRISES
742,KRBIDLZ01,ZUFISA ENTERPRISES
743,KAKLDLS02,Srinivasa Hardwares
744,KAKLDLS09,Srinivasa Agencies
745,KRTUDLS19,Sidvin Infra
746,KACHDLS17,Sri Matha Traders
747,KRTUDLC01,Chaithanya associates
748,KRTUDLS14,Sri sai cements Agencies
749,KRTUDLS05,Sree Malleshwara Traders
750,KACHDLS19,Sri sai associatesï¿½
751,KABEDLS02,SRI KANYAKA PARAMESWARI TRADERS
752,KABEDLM02,MOKSHA TRADERS
753,KAKODLV01,M/S VIKRAM SALES CORPORATION
754,KAKODLS04,SRI LAXMIVENKATESHWAR AGENCIES
755,KAKODLP02,PAWAR HARDWARES
756,KRBEDLS06,Shree Manjunatha Enterprises
757,KRBEDLS05,SRI SRINIVASA ENTERPRISES
758,KAHTDLS02,SRI HANUMAN CEMENT AGENCIES
759,KABEDLS19,LAKSHMI MADHAVASWAMY TRADERS
760,KABEDLO01,OM SREE GURU KATTEBASAVESHWARA TRADERS
761,KADADLM01,M.B.ENTERPRISES
762,KABEDLR02,RANGANAYAKULU HARDWARE AND SHOPS 
763,KABEDLG01,GANTI AGENCIES 
764,ORRADLS08,SHAKTI HARDWARE STORE
765,ORRADLS05,SHANMUK ENTERPRISES
766,ORJEDLS01,SHIVAM TRADERS
767,ORPADLS02,SARSWATI TRADING & CO
768,ORRADLS01,SRI LAXMI TRADERS
769,ORKODLV01,M/S VASANTA TRADERS
770,MHAKDLA01,ATHARVA ENTERPRISES
771,MHNADLJ01,J .P ENTERPRISES
772,CGSKDLS02,SHANMUKA VARMA TRADE LINK
773,NEW,G.V.R NIRMAN BAZAR
774,NEW,PIYUSH FORWARDING
775,V-003,TENNETI VENKATARAMANA
776,M-S029,SLS ENTERPEISES
777,APANDLS47,SRI SANDEEP CEMENT STEEL AND PLUMBER TRADERS
778,APANDLS71,SRI GANESH TRADERS
779,TSNADLS56,SRI SAI TEJA CEMENT TRADERS
780,TSKHDLV07,SHREE VENKATESWARA ENTERPRISES
781,TSWADLS17,SRI DURGA IRON & HARDWARE
782,TSKHDLS18,SARASWATHI AGENCIES
783,TSWADLS25,SRI SRINIVASA AGENCIES
784,TSWADLS09,SESHADRI IRON & CEMENT MERCHANT
785,TSKHDLS50,SRI VINAYAKA TRADERS
786,TSKHDLS33,SRI VENKATESWRA STEELS & CEMENTS
787,TSKHDLS45,SRI SRI SRINIVASA ENTERPRISES
788,TSWADLS26,SAMMAIAH AGENCIES
789,TSWADLU03,UMA MAHESHWARA TRADERS
790,TSKHDLH01,HANUMAVATHI ENTERPRISES
791,TSWADLS31,SRI MAHA LAKSHMI AGENCIES
792,TSWADLR03,"RACHANA CEMENT , IRON & HARDWARE"
793,TSWADLM02,MAHESHWARA IRON AND HARDWARE
794,TSKHDLS06,SRI LAKSHMI ENTERPRISES
795,TSKHDLL06,LAXMI FANCY GENERAL TRADERS
796,TSKHDLS42,SRI RAMAKRISHNA CEMENT AND HARDWAR
797,TSKHDLS32,SRI LAKSHMI IRON HARD WARE & GERNERA
798,TSKHDLL05,laxmi prasanna bricks plant
799,TSWADLS29,SHIRIDI SAI CEMENT IRON HARDWARE
800,TSWADLR06,RAGHURAM TRADERS
801,TSWADLS30,"M / S SRAVANTHI FERTILIZERS , PESTICIDES &"
802,TSWADLS13,SATYA SAI TRADERS
803,TSWADLU01,UMA MAHESWARA IRON & CEMENT
804,TSWADLH03,HANUMAN IRON
805,CGSKDLS01,M/S SURYA ENTERPRISES
